post_title,post_description,post_url
Twitter Developer Platform,User-agent: DirBuster-0.12 Disallow: / Sitemap: https://developer.x.com/en.sitemapindex.xml,//duckduckgo.com/l/?uddg=https%3A%2F%2Fdev.twitter.com%2Frobots.txt&rut=2e99734282d4692a45f7472871010fe748d75b9b5af09748c52b84f1277d763b
Twitter. It's what's happening / Twitter,Gli ultimi tweet di @robots.txt,//duckduckgo.com/l/?uddg=https%3A%2F%2Ftwitter.com%2Frobots.txt&rut=0dfdc7d38eb885eba3e2c340e01b49e79018628a41d2a89f7cbc23e972584fac
Twitter Blog,User-agent: DirBuster-0.12 Disallow: / Sitemap: https://blog.x.com/sitemapindex.xml,//duckduckgo.com/l/?uddg=https%3A%2F%2Fblog.twitter.com%2Frobots.txt&rut=c99f52a57179399d8183204bd9ad83c90f3671f3d9e2729a51d61141e6d95f15
Twitter,User-agent: DirBuster-0.12 Disallow: / Sitemap: https://about.x.com/en.sitemap.xml,//duckduckgo.com/l/?uddg=https%3A%2F%2Fabout.twitter.com%2Frobots.txt&rut=4b002069de3c3d82d6ab68cb13c5274235e8b84e1ad9c0792d8ccdd404ff4361
"Lex | HypnoKink Content Creator on Twitter: ""Natalia's #1 in the ROBOTS ...","""Natalia's #1 in the ROBOTS category on Clips4Sale and #11 overall. Nice work @NataliaForrest1! Early Bird (Rock Bottom) Price for the next couple of days. https ...",//duckduckgo.com/l/?uddg=https%3A%2F%2Ftwitter.com%2FEntrancement_UK%2Fstatus%2F1676588581475831809&rut=cf7f81be7ff01b583724819d2f0c9a18045bf1febd602a58ec835c738e4c3496
Michiel Carteus on Twitter,"Michiel Carteus on Twitter: ""@bookingcom I have an issue with your platform. Unfortunately I'm talking to robots only and your efficiency turns out to be very inefficient when none of these robots or help centers offer a solution to my problem. Please reach out to me asap, humans only."" / Twitter Michiel Carteus @CarteusM @bookingcom",//duckduckgo.com/l/?uddg=https%3A%2F%2Ftwitter.com%2FCarteusM%2Fstatus%2F1625126085787516930&rut=f91c044ee2be7104f260b82059a7e3af037630139d8b44eb2b97435ec7d3bab4
Tompkins Robotics (@TompkinsRobots) / Twitter,Tompkins Robotics is a global leader focused on the robotic automation of distribution and fulfillment operations.,//duckduckgo.com/l/?uddg=https%3A%2F%2Ftwitter.com%2FTompkinsRobots&rut=8c8c282d1bb8957c17b6b7ed99dfb32ec6381ec28b14532e131116ec202b09c8
"thunderf00t on Twitter: ""this is what I mean about @elonmusk being ...","Deep down they know the toy robots will more more advanced than the teslabot!"" / Twitter thunderf00t @thunderf00t this is what I mean about @elonmusk being UTTERLY obsessed. TOTAL failure to detect sarcasm. Im surprised they didnt call me a liar because I didnt actually starting a robotics company today!",//duckduckgo.com/l/?uddg=https%3A%2F%2Ftwitter.com%2Fthunderf00t%2Fstatus%2F1518998009274675202&rut=21a36b29d80ae3a2033b73f79dbc002ea71bfb34726b872ae8d904670995b659
"BlenderNation on Twitter: """"Jibaro"" from Love Death Robots Shot Remade ...","""""Jibaro"" from Love Death Robots Shot Remade Using Blender and Substance https://t.co/RnR1uFBnTH #b3d""",//duckduckgo.com/l/?uddg=https%3A%2F%2Ftwitter.com%2FBlenderNation%2Fstatus%2F1553283298738294785&rut=08516153341592990fe40e1a5dad87ba2d62a1e1422f70be48c3f0efdb81b182
Wonder how Jibaro was made? - Twitter,"Wonder how Jibaro was made? #LoveDeathRobots youtube.com Love, Death + Robots | Inside the Animation: Jibaro | Netflix",//duckduckgo.com/l/?uddg=https%3A%2F%2Ftwitter.com%2FTheBlurStudio%2Fstatus%2F1535008784413642753&rut=fb6c057017a19de70714e2c082ce3b6596b67ce6158e02123e5f93131eccae9c
